,Unnamed: 0,Rate,Adult Occupant,Child Occupant,Vulnerable Road Users,Safety Assist,Tested Model,Body Type,Year Of Publication,Kerb Weight,VIN From Which Rating Applies,Class,Front Airbag-Driver,Belt Pretensioner-Driver,Belt Loadlimiter-Driver,Knee Airbag-Driver,Side Head Airbag-Driver,Side Chest Airbag-Driver,Side Pelvis Airbag-Driver,Centre Airbag-Driver,Isofix/i-Size-Driver,Integrated Child Seat-Driver,Airbag cut-off switch-Driver,Seatbelt Reminder-Driver,Front Airbag-Passenger,Belt Pretensioner-Passenger,Belt Loadlimiter-Passenger,Knee Airbag-Passenger,Side Head Airbag-Passenger,Side Chest Airbag-Passenger,Side Pelvis Airbag-Passenger,Centre Airbag-Passenger,Isofix/i-Size-Passenger,Integrated Child Seat-Passenger,Airbag cut-off switch-Passenger,Seatbelt Reminder-Passenger,Front Airbag-Rear,Belt Pretensioner-Rear,Belt Loadlimiter-Rear,Knee Airbag-Rear,Side Head Airbag-Rear,Side Chest Airbag-Rear,Side Pelvis Airbag-Rear,Centre Airbag-Rear,Isofix/i-Size-Rear,Integrated Child Seat-Rear,Airbag cut-off switch-Rear,Seatbelt Reminder-Rear,Active Bonnet,AEB Vulnerable Road Users,AEB Pedestrian - Reverse,AEB Car-to-Car,Speed Assistance,Lane Assist System
0,1,1,84,89,81.0,81,97,11,2022,2532,139,4,0,0,0,0,0,0,0,2,0,0,0,0,0,0,0,0,0,0,0,2,1,0,0,0,0,0,0,0,0,2,2,0,0,3,0,0,1,0,1,0,1,1
1,2,1,87,87,68.0,88,29,25,2022,1423,199,10,0,0,0,1,0,0,0,0,0,0,0,0,0,0,0,2,0,0,0,0,1,0,0,0,0,0,0,0,0,2,2,0,0,3,0,0,1,0,0,0,1,1
2,3,0,75,84,70.0,69,66,11,2022,1334,125,12,0,0,0,1,0,0,0,2,0,0,0,0,0,0,0,2,0,0,0,2,1,0,0,0,0,0,0,0,0,2,2,0,0,3,0,0,1,0,1,0,1,1
3,4,1,84,90,74.0,84,221,22,2022,2434,280,6,0,0,0,0,0,0,2,0,0,0,0,0,0,0,0,0,0,0,2,0,1,0,0,0,0,0,0,0,0,2,2,0,0,3,0,0,1,0,0,0,1,1
4,5,1,84,89,71.0,85,47,11,2022,2123,14,4,0,0,0,1,0,0,2,2,0,0,0,0,0,0,0,2,0,0,2,2,0,0,0,0,0,0,0,0,0,2,2,0,0,3,0,0,0,0,1,0,1,1
5,6,1,90,87,89.0,91,114,11,2022,2124,173,4,0,0,0,0,0,0,0,0,0,0,0,0,0,0,0,2,0,0,0,0,1,0,0,0,0,0,0,0,0,2,2,0,0,3,0,0,1,0,0,0,1,1
6,7,1,90,91,78.0,84,116,6,2022,2371,176,1,0,0,0,0,0,0,0,0,0,0,0,0,0,0,0,0,0,0,0,0,1,0,1,0,0,0,0,0,0,2,2,0,0,3,0,0,0,0,0,0,1,1
7,8,1,93,89,73.0,83,126,10,2022,2410,180,3,0,0,0,1,0,0,0,0,0,0,0,0,0,0,0,2,0,0,0,0,1,0,0,0,0,0,0,0,0,2,2,0,0,3,0,0,1,0,1,0,1,1
8,9,1,92,90,74.0,84,140,11,2022,2000,21,10,0,0,0,0,0,0,0,0,0,0,0,0,0,0,0,2,0,0,0,0,1,0,0,0,0,0,0,0,0,3,3,0,0,3,0,0,1,0,0,0,1,1
9,10,1,83,80,75.0,78,124,9,2022,1685,179,8,0,0,0,1,0,0,0,2,0,0,0,0,0,0,0,2,0,0,0,2,1,0,0,0,0,0,0,0,0,2,2,0,0,3,0,0,1,0,1,0,1,1
10,11,1,84,89,81.0,81,97,11,2022,2532,139,4,0,0,0,0,0,0,0,2,0,0,0,0,0,0,0,0,0,0,0,2,1,0,0,0,0,0,0,0,0,2,2,0,0,3,0,0,1,0,1,0,1,1
11,12,1,87,87,68.0,88,29,25,2022,1423,199,10,0,0,0,1,0,0,0,0,0,0,0,0,0,0,0,2,0,0,0,0,1,0,0,0,0,0,0,0,0,2,2,0,0,3,0,0,1,0,0,0,1,1
12,13,0,75,84,70.0,69,66,11,2022,1334,125,12,0,0,0,1,0,0,0,2,0,0,0,0,0,0,0,2,0,0,0,2,1,0,0,0,0,0,0,0,0,2,2,0,0,3,0,0,1,0,1,0,1,1
13,14,1,84,90,74.0,84,221,22,2022,2434,280,6,0,0,0,0,0,0,2,0,0,0,0,0,0,0,0,0,0,0,2,0,1,0,0,0,0,0,0,0,0,2,2,0,0,3,0,0,1,0,0,0,1,1
14,15,1,84,89,71.0,85,47,11,2022,2123,14,4,0,0,0,1,0,0,2,2,0,0,0,0,0,0,0,2,0,0,2,2,0,0,0,0,0,0,0,0,0,2,2,0,0,3,0,0,0,0,1,0,1,1
15,16,1,90,87,89.0,91,114,11,2022,2124,173,4,0,0,0,0,0,0,0,0,0,0,0,0,0,0,0,2,0,0,0,0,1,0,0,0,0,0,0,0,0,2,2,0,0,3,0,0,1,0,0,0,1,1
16,17,1,90,91,78.0,84,116,6,2022,2371,176,1,0,0,0,0,0,0,0,0,0,0,0,0,0,0,0,0,0,0,0,0,1,0,1,0,0,0,0,0,0,2,2,0,0,3,0,0,0,0,0,0,1,1
17,18,1,93,89,73.0,83,126,10,2022,2410,180,3,0,0,0,1,0,0,0,0,0,0,0,0,0,0,0,2,0,0,0,0,1,0,0,0,0,0,0,0,0,2,2,0,0,3,0,0,1,0,1,0,1,1
18,19,1,92,90,74.0,84,140,11,2022,2000,21,10,0,0,0,0,0,0,0,0,0,0,0,0,0,0,0,2,0,0,0,0,1,0,0,0,0,0,0,0,0,3,3,0,0,3,0,0,1,0,0,0,1,1
19,20,1,83,80,75.0,78,124,9,2022,1685,179,8,0,0,0,1,0,0,0,2,0,0,0,0,0,0,0,2,0,0,0,2,1,0,0,0,0,0,0,0,0,2,2,0,0,3,0,0,1,0,1,0,1,1
20,21,0,76,84,78.0,65,170,16,2022,1397,46,8,0,0,0,1,0,0,2,2,0,0,0,0,0,0,0,2,0,0,2,2,1,0,0,0,0,0,0,0,0,2,2,0,0,3,0,0,0,0,1,0,1,1
21,22,1,84,90,74.0,84,221,22,2022,2434,279,6,0,0,0,0,0,0,2,0,0,0,0,0,0,0,0,0,0,0,2,2,1,0,0,0,0,0,0,0,0,2,2,0,0,3,0,0,1,0,0,0,1,1
22,23,1,92,87,60.0,90,225,27,2022,2384,146,3,0,0,0,1,0,0,2,0,0,0,0,0,0,0,0,2,0,0,2,2,1,0,0,0,0,0,0,0,0,2,2,0,0,3,0,0,1,0,1,0,1,1
23,24,0,77,81,62.0,66,234,10,2022,1520,1,9,0,0,0,0,0,0,2,2,0,0,0,0,0,0,0,1,0,0,2,2,1,0,0,0,0,0,0,0,0,3,2,0,0,0,0,0,0,0,1,0,1,1
24,25,0,79,86,67.0,67,42,14,2022,1869,100,2,0,0,0,1,0,0,0,0,0,0,0,0,0,0,0,2,0,0,0,1,0,0,0,0,0,0,0,0,0,2,2,0,0,3,0,0,0,0,1,0,1,1
25,26,1,89,87,82.0,83,75,14,2022,1458,81,8,0,0,0,0,0,0,2,0,0,0,0,0,0,0,0,0,0,0,2,0,1,0,0,0,0,0,0,0,0,0,2,0,0,3,0,0,0,0,1,0,1,1
26,27,1,97,87,66.0,90,81,6,2022,1910,149,2,0,0,0,1,0,0,0,0,0,0,0,0,0,0,0,2,0,0,0,0,1,0,0,0,0,0,0,0,0,2,2,0,0,3,0,0,1,0,2,0,1,1
27,28,1,86,86,69.0,83,92,5,2022,2030,95,6,0,0,0,0,0,0,2,0,0,0,0,0,0,0,0,2,0,0,2,0,1,0,0,0,0,0,0,0,0,2,2,0,0,3,0,0,1,0,1,0,1,1
28,29,1,84,87,72.0,82,177,11,2022,2524,218,4,0,0,0,1,0,0,0,2,0,0,0,0,0,0,0,2,0,0,0,2,1,0,0,0,0,0,0,0,0,2,2,0,0,3,0,0,1,0,1,0,1,1
29,30,1,85,85,69.0,82,179,11,2022,2727,182,4,0,0,0,1,0,0,0,2,0,0,0,0,0,0,0,2,0,0,0,2,1,0,0,0,0,0,0,0,0,2,2,0,0,3,0,0,1,0,1,0,1,1
30,31,1,91,87,73.0,95,152,6,2022,2379,116,1,0,0,0,1,0,0,0,0,0,0,0,0,0,0,0,2,0,0,0,0,1,0,0,0,0,0,0,0,0,2,2,0,0,3,0,0,1,0,0,0,1,1
31,32,1,86,89,74.0,93,153,11,2022,1914,55,10,0,0,0,1,0,0,2,0,0,0,0,0,0,0,0,2,0,0,2,2,1,0,0,0,1,0,0,1,0,2,2,0,0,3,0,0,1,0,0,0,1,1
32,33,1,88,83,69.0,87,181,10,2022,1502,61,3,0,0,0,1,0,0,2,0,0,0,0,0,0,0,0,2,0,0,2,0,2,0,0,0,0,0,0,0,0,2,2,0,0,3,0,0,1,0,2,0,1,1
33,34,1,96,89,71.0,88,247,11,2022,1820,288,10,0,0,0,1,0,0,0,0,0,0,0,0,0,0,0,2,0,0,0,0,0,0,0,0,0,0,0,0,0,2,2,0,0,3,0,0,1,0,0,0,1,1
34,35,1,88,87,79.0,91,220,11,2022,2060,231,10,0,0,0,1,0,0,0,0,0,0,0,0,0,0,0,2,0,0,0,0,1,0,0,0,1,0,0,1,0,2,2,0,0,3,0,0,1,0,2,0,1,1
35,36,1,94,91,85.0,98,207,6,2022,2095,193,1,0,0,0,1,0,0,0,0,0,0,0,0,0,0,0,2,0,0,0,2,1,0,0,0,1,0,0,1,0,2,2,0,0,3,0,0,0,0,0,0,1,1
36,37,1,88,87,79.0,91,220,11,2022,2060,278,10,0,0,0,1,0,0,0,0,0,0,0,0,0,0,0,2,0,0,0,0,1,0,0,0,1,0,0,1,0,2,2,0,0,3,0,0,1,0,2,0,1,1
37,38,1,85,83,87.0,82,212,11,2022,1500,89,10,0,0,0,0,0,0,0,0,0,0,0,0,0,0,0,2,0,0,0,0,1,0,0,0,0,0,0,0,0,1,1,0,0,3,0,0,1,0,2,0,1,1
38,39,1,94,87,73.0,93,245,11,2022,2100,86,10,0,0,0,1,0,0,0,0,0,0,0,0,0,0,0,2,0,0,0,0,1,0,0,0,0,0,0,0,0,2,2,0,0,3,0,0,1,0,0,0,1,1
39,40,1,88,81,79.0,92,15,10,2022,1521,33,8,0,0,0,1,0,0,0,0,0,0,0,0,0,0,0,2,0,0,0,0,0,0,0,0,0,0,0,0,0,2,2,0,0,3,0,0,0,0,1,0,1,1
40,41,1,86,89,76.0,92,22,11,2022,1654,266,10,0,0,0,1,0,0,0,0,0,0,0,0,0,0,0,2,0,0,0,0,0,0,0,0,0,0,0,0,0,2,2,0,0,3,0,0,0,0,1,0,1,1
41,42,1,91,89,69.0,74,28,11,2022,1750,53,10,0,0,0,1,0,0,0,0,0,0,0,0,0,0,0,2,0,0,0,0,0,0,0,0,0,0,0,0,0,2,2,0,0,3,0,0,1,0,0,0,1,1
42,43,1,95,91,83.0,81,48,6,2022,2355,112,1,0,0,0,0,0,0,2,0,0,0,0,0,0,0,0,2,0,0,2,0,1,0,0,0,0,0,0,0,0,3,2,0,0,3,0,0,0,0,0,0,1,1
43,44,0,80,79,69.0,71,149,14,2022,1600,174,8,0,0,0,1,0,0,0,0,0,0,0,0,0,0,0,2,0,0,0,0,0,0,0,0,0,0,0,0,0,2,2,0,0,3,0,0,1,0,1,0,1,1
44,45,1,83,83,65.0,70,189,14,2022,1140,17,10,0,0,0,1,0,0,0,2,0,0,0,0,0,0,0,2,0,0,0,2,1,0,0,0,0,0,0,0,0,2,2,0,0,3,0,0,1,0,1,0,1,1
45,46,1,83,82,66.0,70,191,14,2022,1079,16,8,0,0,0,1,0,0,0,2,0,0,0,0,0,0,0,2,0,0,0,2,1,0,0,0,0,0,0,0,0,2,2,0,0,3,0,0,1,0,1,0,1,1
46,47,1,88,87,74.0,82,223,14,2022,1316,138,8,0,0,0,1,0,0,2,0,0,0,0,0,0,0,0,2,0,0,2,0,0,0,0,0,0,0,0,0,0,3,2,0,0,3,0,0,1,0,1,0,1,1
47,48,0,82,87,69.0,66,35,14,2022,1734,72,1,0,0,0,1,0,0,2,2,0,0,0,0,0,0,0,2,0,0,2,1,1,0,0,0,0,0,0,0,0,2,2,0,0,3,0,0,0,0,1,0,1,1
48,49,1,89,87,63.0,88,70,11,2022,2095,133,10,0,0,0,0,0,0,0,0,0,0,0,0,0,0,0,2,0,0,0,0,1,0,0,0,0,0,0,0,0,2,2,0,0,3,0,0,1,0,2,0,1,1
49,50,0,91,84,75.0,60,103,11,2022,1682,198,10,0,0,0,0,0,0,0,0,0,0,0,0,0,0,0,2,0,0,0,0,1,0,0,0,0,0,0,0,0,2,2,0,0,3,0,0,1,0,2,0,1,1
50,51,1,91,84,76.0,79,103,11,2022,1682,198,10,0,0,0,0,0,0,0,0,0,0,0,0,0,0,0,2,0,0,0,0,1,0,0,0,0,0,0,0,0,2,2,0,0,3,0,0,1,0,2,0,1,1
51,52,1,88,91,89.0,76,119,11,2022,2081,178,4,0,0,0,0,0,0,0,0,0,0,0,0,0,0,0,2,0,0,0,0,1,0,0,0,0,0,0,0,0,0,0,0,0,3,0,0,1,0,2,0,1,1
52,53,1,92,83,74.0,93,158,14,2022,1580,128,8,0,0,0,1,0,0,0,0,0,0,0,0,0,0,0,2,0,0,0,0,1,0,0,0,0,0,0,0,0,2,2,0,0,3,0,0,1,0,0,0,1,1
53,54,1,97,87,82.0,98,150,11,2022,1979,194,10,0,0,0,1,0,0,0,0,0,0,0,0,0,0,0,2,0,0,0,0,1,0,0,0,0,0,0,0,0,2,2,0,0,3,0,0,1,0,0,0,1,1
54,55,1,91,87,79.0,94,244,11,2022,2365,85,4,0,0,0,0,0,0,0,0,0,0,0,0,0,0,0,2,0,0,0,0,1,0,0,0,0,0,0,0,0,3,3,0,0,3,0,0,1,0,0,0,1,1
55,56,0,87,87,71.0,64,26,6,2022,2050,285,2,0,0,0,1,0,0,2,2,0,0,0,0,0,0,0,2,0,0,2,2,1,0,0,0,0,0,0,0,0,2,2,0,0,3,0,0,0,0,1,0,1,1
56,57,1,83,85,67.0,85,4,11,2022,1626,249,10,0,0,0,1,0,0,2,2,0,0,0,0,0,0,0,2,0,0,2,2,1,0,0,0,0,0,0,0,0,2,2,0,0,3,0,0,1,0,1,0,1,1
57,58,1,93,89,73.0,80,37,14,2022,1782,94,8,0,0,0,1,0,0,2,0,0,0,0,0,0,0,0,2,0,0,2,0,0,0,0,0,0,0,0,0,0,2,2,0,0,3,0,0,1,0,1,0,1,1
58,59,1,87,86,66.0,72,108,11,2022,1748,232,10,0,0,0,1,0,0,0,0,0,0,0,0,0,0,0,2,0,0,0,0,1,0,0,0,0,0,0,0,0,2,2,0,0,3,0,0,1,0,2,0,1,1
59,60,1,91,93,69.0,90,142,10,2022,1544,80,9,0,0,0,1,0,0,2,0,0,0,0,0,0,0,0,2,0,0,2,0,0,0,0,0,1,0,0,1,0,2,2,0,0,3,0,0,1,0,1,0,1,1
60,61,1,91,93,69.0,90,142,10,2022,1544,241,9,0,0,0,1,0,0,2,0,0,0,0,0,0,0,0,2,0,0,2,0,0,0,0,0,1,0,0,1,0,2,2,0,0,3,0,0,1,0,1,0,1,1
61,62,0,78,78,74.0,81,210,14,2022,990,62,12,0,0,0,1,0,0,0,2,0,0,0,0,0,0,0,2,0,0,0,2,1,0,0,0,0,0,0,0,0,2,1,0,0,3,0,0,1,0,1,0,1,1
62,63,1,90,86,64.0,87,102,14,2022,2105,166,2,0,0,0,1,0,0,0,0,0,0,0,0,0,0,0,2,0,0,0,0,1,0,0,0,1,0,0,1,0,2,2,0,0,3,0,0,1,0,2,0,1,1
63,64,1,93,89,80.0,82,134,6,2022,1625,19,2,0,0,0,0,0,0,0,0,0,0,0,0,0,0,0,2,0,0,0,0,1,0,0,0,0,0,0,0,0,3,3,0,0,3,0,0,0,0,2,0,1,1
64,65,0,80,82,67.0,66,162,14,2022,1330,59,8,0,0,0,1,0,0,2,2,0,0,0,0,0,0,0,2,0,0,2,2,1,0,0,0,0,0,0,0,0,2,2,0,0,3,0,0,1,0,1,0,1,1
65,66,0,76,84,68.0,65,170,16,2022,1397,42,8,0,0,0,1,0,0,2,2,0,0,0,0,0,0,0,2,0,0,2,2,1,0,0,0,0,0,0,0,0,2,2,0,0,3,0,0,1,0,1,0,1,1
66,67,1,92,89,70.0,89,239,14,2022,2149,70,10,0,0,0,0,0,0,0,0,0,0,0,0,0,0,0,2,0,0,0,0,0,0,0,0,1,0,0,1,0,2,2,0,0,3,0,0,1,0,1,0,1,1
67,68,1,90,89,69.0,87,227,10,2022,2050,259,0,0,0,0,1,0,0,2,0,0,0,0,0,0,0,0,2,0,0,2,0,1,0,0,0,0,0,0,0,0,2,2,0,0,3,0,0,1,0,1,0,1,1
68,69,0,85,86,74.0,65,43,14,2022,1660,101,8,0,0,0,1,0,0,2,0,0,0,0,0,0,0,0,2,0,0,2,0,1,0,0,0,0,0,0,0,0,2,2,0,0,3,0,0,0,0,1,0,1,1
69,70,1,85,86,74.0,82,43,14,2022,1660,102,8,0,0,0,1,0,0,2,0,0,0,0,0,0,0,0,2,0,0,2,0,1,0,0,0,0,0,0,0,0,2,2,0,0,3,0,0,0,0,1,0,1,1
70,71,0,82,75,72.0,78,76,11,2022,1389,141,10,0,0,0,1,0,0,2,2,0,0,0,0,0,0,0,2,0,0,2,2,1,0,0,0,0,0,0,0,0,2,2,0,0,3,0,0,1,0,1,0,1,1
71,72,0,82,81,67.0,64,17,2,2022,1682,34,8,0,0,0,1,0,0,2,2,0,0,0,0,0,0,0,2,0,0,2,2,1,0,0,0,1,0,0,1,0,2,2,0,0,3,0,0,0,0,1,0,1,1
72,73,1,91,87,83.0,91,113,11,2022,1810,197,10,0,0,0,0,0,0,0,0,0,0,0,0,0,0,0,2,0,0,0,1,1,0,0,0,0,0,0,0,0,1,1,0,0,3,0,0,1,0,2,0,1,1
73,74,1,85,88,65.0,79,131,14,2022,1636,187,8,0,0,0,1,0,0,2,0,0,0,0,0,0,0,0,2,0,0,2,0,0,0,0,0,0,0,0,0,0,2,2,0,0,3,0,0,1,0,1,0,1,1
74,75,1,94,80,70.0,70,229,14,2022,1158,206,12,0,0,0,1,0,0,0,0,0,0,0,0,0,0,0,2,0,0,0,0,0,0,0,0,0,0,0,0,0,2,2,0,0,3,0,0,1,0,1,0,1,1
75,76,1,94,84,71.0,70,229,14,2022,1216,244,10,0,0,0,1,0,0,0,0,0,0,0,0,0,0,0,2,0,0,0,0,0,0,0,0,1,0,0,1,0,2,2,0,0,3,0,0,1,0,1,0,1,1
76,77,1,91,90,70.0,95,246,19,2021,1599,265,4,0,0,0,1,0,0,2,0,0,0,0,0,0,0,0,2,0,0,2,1,1,0,0,0,1,0,0,1,0,2,2,0,0,1,0,0,1,0,0,0,1,1
77,78,0,76,82,76.0,67,79,11,2021,1230,292,12,0,0,0,1,0,0,0,2,0,0,0,0,0,0,0,2,0,0,0,2,1,0,0,0,0,0,0,0,0,2,2,1,0,3,0,0,1,0,1,0,1,1
78,79,0,70,69,41.0,39,45,14,2021,1111,156,12,0,0,0,1,0,0,0,2,0,0,0,0,0,0,0,2,0,0,0,2,1,0,0,0,1,0,0,1,0,2,2,1,0,3,0,0,1,1,1,0,1,2
79,80,1,84,82,69.0,79,236,10,2021,1767,251,9,0,0,0,1,0,0,2,0,0,0,0,0,0,0,0,2,0,0,2,0,2,0,0,0,1,0,0,1,0,2,2,0,0,3,0,0,1,0,1,0,1,1
80,81,1,93,89,76.0,85,237,11,2021,2029,258,10,0,0,0,1,0,0,0,0,0,0,0,0,0,0,0,2,0,0,0,0,0,0,0,0,0,0,0,0,0,2,2,1,0,3,0,0,1,0,1,0,1,1
81,82,1,91,87,73.0,81,27,11,2021,2573,286,4,0,0,0,1,0,0,2,0,0,0,0,0,0,0,0,2,0,0,2,0,1,0,0,0,0,0,0,0,0,0,2,0,1,3,0,0,0,0,1,0,1,1
82,83,0,49,56,39.0,32,46,14,2021,970,233,12,0,0,0,1,0,0,2,2,0,0,0,0,0,0,0,2,0,0,2,2,1,0,0,0,1,0,0,1,0,2,2,0,0,3,0,0,1,1,1,0,1,2
83,84,0,76,80,67.0,67,49,3,2021,1328,47,12,0,0,0,1,0,0,2,2,0,0,0,0,0,0,0,2,0,0,2,2,0,0,0,0,1,0,0,1,0,2,2,0,0,3,0,0,1,0,1,0,1,1
84,85,1,89,87,76.0,88,68,12,2021,1842,130,1,0,0,0,0,0,0,0,0,0,0,0,0,0,0,0,2,0,0,0,0,1,0,0,0,0,0,0,0,0,0,0,0,0,3,0,0,0,0,1,0,1,1
85,86,1,89,87,64.0,87,71,11,2021,2020,134,4,0,0,0,0,0,0,0,0,0,0,0,0,0,0,0,2,0,0,0,0,1,0,0,0,0,0,0,0,0,1,1,0,0,3,0,0,0,0,2,0,1,1
86,87,1,96,91,76.0,80,147,14,2021,2480,113,1,0,0,0,0,0,0,2,0,0,0,0,0,0,0,0,2,0,0,2,0,1,0,0,0,1,0,0,1,0,3,2,0,0,3,0,0,0,0,0,0,1,1
87,88,0,80,75,55.0,80,121,11,2021,1840,184,10,0,0,0,1,0,0,0,0,0,0,0,0,0,0,0,2,0,0,0,0,1,0,0,0,1,0,0,1,0,2,2,0,0,3,0,0,1,0,1,0,1,1
88,89,1,91,91,70.0,95,157,11,2021,1503,216,10,0,0,0,1,0,0,2,0,0,0,0,0,0,0,0,2,0,0,2,0,1,0,0,0,1,0,0,1,0,2,2,0,0,3,0,0,1,0,0,0,1,1
89,90,0,78,87,67.0,72,184,10,2021,1531,252,9,0,0,0,1,0,0,2,2,0,0,0,0,0,0,0,2,0,0,2,2,2,0,0,0,1,2,0,1,0,2,2,1,0,3,0,0,1,0,1,0,1,1
90,91,0,43,52,41.0,14,187,14,2021,1563,277,12,0,0,0,1,1,0,2,2,0,0,0,0,0,0,0,2,1,0,2,2,0,0,0,0,0,2,2,0,2,2,2,0,0,3,0,0,1,2,1,1,1,3
91,92,1,84,82,69.0,79,236,10,2021,1767,28,9,0,0,0,1,0,0,2,0,0,0,0,0,0,0,0,2,0,0,2,0,2,0,0,0,1,0,0,1,0,2,2,0,0,3,0,0,1,0,1,0,1,1
92,93,1,85,81,70.0,71,249,14,2021,1199,121,8,0,0,0,2,0,0,0,2,0,0,0,0,0,0,0,2,0,0,0,2,0,0,0,0,1,0,0,1,0,3,3,0,0,3,0,0,1,0,1,0,1,1
93,94,1,92,86,69.0,82,64,11,2021,2103,183,10,0,0,0,0,0,0,0,0,0,0,0,0,0,0,0,2,0,0,0,0,1,0,0,0,1,0,0,1,0,0,2,0,0,3,0,0,0,0,0,0,1,1
94,95,0,76,82,76.0,67,79,11,2021,1230,63,10,0,0,0,1,0,0,0,2,0,0,0,0,0,0,0,2,0,0,0,2,1,0,0,0,1,0,0,1,0,2,2,1,0,3,0,0,1,0,1,0,1,1
95,96,1,88,86,63.0,88,80,11,2021,1910,148,10,0,0,0,1,0,0,0,0,0,0,0,0,0,0,0,2,0,0,0,0,1,0,0,0,1,0,0,1,0,2,2,0,0,3,0,0,1,0,2,0,1,1
96,97,1,86,87,66.0,70,86,11,2021,1633,243,10,0,0,0,1,0,0,0,0,0,0,0,0,0,0,0,2,0,0,0,0,1,0,0,0,1,0,0,1,0,2,2,1,0,3,0,0,1,0,1,0,1,1
97,98,1,86,84,78.0,81,217,11,2021,1270,272,10,0,0,0,1,0,0,0,0,0,0,0,0,0,0,0,2,0,0,0,0,1,0,0,0,0,0,0,0,0,2,2,0,0,3,0,0,1,0,2,0,1,1
98,99,1,93,89,66.0,80,10,11,2021,2125,212,4,0,0,0,1,0,0,0,0,0,0,0,0,0,0,0,2,0,0,0,0,0,0,0,0,0,0,0,0,0,3,3,0,0,3,0,0,1,0,1,0,1,1
99,100,1,96,87,71.0,81,117,11,2021,1755,177,10,0,0,0,1,0,0,2,0,0,0,0,0,0,0,0,2,0,0,2,0,1,0,0,0,1,0,0,1,0,2,2,0,0,3,0,0,1,0,1,0,1,1
100,101,1,82,84,72.0,92,151,11,2021,2435,115,4,0,0,0,1,0,0,0,2,0,0,0,0,0,0,0,2,0,0,0,2,1,0,0,0,0,0,0,0,0,2,2,0,0,3,0,0,1,0,1,0,1,1
101,102,1,88,89,84.0,95,201,12,2021,1649,201,2,0,0,0,0,0,0,0,2,0,0,0,0,0,0,0,2,0,0,0,2,1,0,0,0,0,0,0,0,0,2,2,1,0,3,0,0,1,0,0,0,1,1
102,103,1,88,85,80.0,82,215,7,2021,1950,191,1,0,0,0,0,0,0,0,1,0,0,0,0,0,0,0,2,0,0,0,2,1,0,0,0,1,0,0,1,0,2,2,0,0,3,0,0,0,0,1,0,1,1
103,104,0,73,75,58.0,64,165,11,2021,1217,3,10,0,0,0,1,0,0,2,2,0,0,0,0,0,0,0,2,0,0,2,2,0,0,0,0,1,0,0,1,0,0,2,1,0,3,0,0,1,0,1,0,1,1
104,105,0,78,87,67.0,72,184,10,2021,1531,161,9,0,0,0,1,0,0,2,2,0,0,0,0,0,0,0,2,0,0,2,2,2,0,0,0,1,2,0,1,0,2,2,1,0,3,0,0,1,0,1,0,1,1
105,106,0,80,83,57.0,63,34,14,2021,1305,69,8,0,0,0,1,0,0,2,2,0,0,0,0,0,0,0,2,0,0,2,2,1,0,0,0,0,0,0,0,0,2,2,1,0,3,0,0,1,0,1,0,1,1
106,107,1,91,87,77.0,91,69,6,2021,1910,131,1,0,0,0,0,0,0,0,0,0,0,0,0,0,0,0,2,0,0,0,0,1,0,0,0,0,0,0,0,0,0,2,1,0,3,0,0,0,0,2,0,1,1
107,108,1,91,87,66.0,88,72,11,2021,2070,135,4,0,0,0,0,0,0,0,0,0,0,0,0,0,0,0,2,0,0,0,0,1,0,0,0,0,0,0,0,0,0,1,1,0,3,0,0,1,0,2,0,1,1
108,109,0,70,72,41.0,42,45,14,2021,1111,175,8,0,0,0,1,0,0,0,2,0,0,0,0,0,0,0,2,0,0,0,2,1,0,0,0,1,0,0,1,0,2,2,1,0,3,0,0,1,1,1,0,1,2
109,110,0,70,72,41.0,42,45,14,2021,1111,226,12,0,0,0,1,0,0,0,2,0,0,0,0,0,0,0,2,0,0,0,2,1,0,0,0,1,0,0,1,0,2,2,1,0,3,0,0,1,1,1,0,1,2
110,111,1,93,89,76.0,85,237,11,2021,2029,257,10,0,0,0,1,0,0,0,0,0,0,0,0,0,0,0,2,0,0,0,0,0,0,0,0,0,0,0,0,0,2,2,1,0,3,0,0,1,0,1,0,1,1
111,112,1,94,89,71.0,82,248,11,2021,1940,108,4,0,0,0,1,0,0,2,0,0,0,0,0,0,0,0,2,0,0,2,0,0,0,0,0,0,0,0,0,0,3,2,1,0,3,0,0,1,0,1,0,1,1
112,113,1,93,88,68.0,80,38,11,2021,1362,127,10,0,0,0,2,0,0,0,0,0,0,0,0,0,0,0,2,0,0,0,0,0,0,0,0,0,0,0,0,0,3,3,1,0,3,0,0,1,0,1,0,1,1
113,114,1,93,89,80.0,83,173,20,2021,2173,205,1,0,0,0,1,0,0,0,0,0,0,0,0,0,0,0,2,0,0,0,0,0,0,0,0,1,0,0,1,0,2,2,1,0,3,0,0,0,0,1,0,1,1
114,115,1,86,81,78.0,85,219,14,2020,1175,6,8,0,0,0,1,0,0,0,0,0,0,0,0,0,0,0,2,0,0,0,0,1,0,0,0,1,0,0,1,0,2,2,1,0,3,0,0,1,0,1,0,1,1
115,116,1,91,88,71.0,80,193,14,2020,1294,172,8,0,0,0,2,0,0,0,0,0,0,0,0,0,0,0,2,0,0,0,0,0,0,0,0,0,0,0,0,0,3,3,1,0,3,0,0,1,0,1,0,1,1
116,117,1,89,81,68.0,73,6,14,2020,1500,22,8,0,0,0,1,0,0,0,0,0,0,0,0,0,0,0,2,0,0,0,0,2,0,0,0,1,0,0,1,0,3,3,1,0,3,0,0,1,0,1,0,1,1
117,118,0,76,82,62.0,65,78,14,2020,1513,144,8,0,0,0,1,0,0,2,2,0,0,0,0,0,0,0,2,0,0,2,2,1,0,0,0,1,0,0,1,0,2,2,1,0,3,0,0,0,0,1,0,1,1
118,119,0,69,75,52.0,59,87,14,2020,993,283,12,0,0,0,1,0,0,0,2,0,0,0,0,0,0,0,2,0,0,0,2,1,0,0,0,1,0,0,0,0,2,2,0,0,3,0,0,1,0,1,0,1,1
119,120,1,84,86,69.0,83,91,5,2020,2030,9,6,0,0,0,0,0,0,2,0,0,0,0,0,0,0,0,2,0,0,2,0,1,0,0,0,1,0,0,1,0,2,2,1,0,3,0,0,1,0,1,0,1,1
120,121,1,82,85,63.0,87,107,11,2020,1847,290,5,0,0,0,1,0,0,0,0,0,0,0,0,0,0,0,2,0,0,0,0,1,0,0,0,0,0,0,0,0,2,2,1,0,3,0,0,1,0,1,0,1,1
121,122,1,85,85,71.0,79,110,11,2020,2408,103,5,0,0,0,1,0,0,2,2,0,0,0,0,0,0,0,2,0,0,2,2,0,0,0,0,0,0,0,0,0,2,2,1,0,3,0,0,1,0,1,0,1,1
122,123,1,92,88,71.0,80,193,14,2020,1294,18,8,0,0,0,2,0,0,0,0,0,0,0,0,0,0,0,2,0,0,0,0,0,0,0,0,0,0,0,0,0,3,3,1,0,3,0,0,1,0,1,0,1,1
123,124,1,87,83,80.0,76,77,14,2020,1246,143,8,0,0,0,0,0,0,2,0,0,0,0,0,0,0,0,2,0,0,2,0,1,0,0,0,1,0,0,1,0,0,2,1,0,3,0,0,1,0,1,0,1,1
124,125,1,91,87,68.0,73,129,12,2020,1675,181,8,0,0,0,0,0,0,0,0,0,0,0,0,0,0,0,2,0,0,0,0,1,0,0,0,0,0,0,0,0,0,0,1,0,3,0,0,1,0,1,0,1,1
125,126,1,87,89,71.0,88,226,14,2020,1857,147,8,0,0,0,1,0,0,2,0,0,0,0,0,0,0,0,2,0,0,2,0,0,0,0,0,0,0,0,0,0,2,2,1,0,3,0,0,1,0,1,0,1,1
126,127,1,86,81,78.0,85,218,14,2020,1175,273,8,0,0,0,1,0,0,0,0,0,0,0,0,0,0,0,2,0,0,0,0,1,0,0,0,1,0,0,1,0,2,2,1,0,3,0,0,1,0,1,0,1,1
127,128,1,95,91,78.0,74,145,11,2019,2090,110,10,0,0,0,0,0,0,0,0,0,0,0,0,0,0,0,2,0,0,0,0,1,0,0,0,1,0,0,1,0,3,2,0,0,3,0,0,0,0,1,0,1,1
128,129,1,96,90,79.0,75,133,11,2019,1635,132,10,0,0,0,0,0,0,0,0,0,0,0,0,0,0,0,2,0,0,0,0,1,0,0,0,1,0,0,1,0,3,2,0,0,3,0,0,0,0,1,0,1,1
129,130,1,97,90,81.0,75,144,11,2019,2040,109,10,0,0,0,0,0,0,0,0,0,0,0,0,0,0,0,2,0,0,0,0,1,0,0,0,1,0,0,1,0,3,2,0,0,3,0,0,0,0,1,0,1,1
130,131,1,96,80,93.0,72,19,1,2019,1530,43,2,0,0,0,0,0,0,0,0,0,0,0,0,0,0,0,2,0,0,0,0,1,0,0,0,0,0,0,0,0,0,2,0,0,3,0,0,0,0,1,0,1,1
131,132,1,97,83,93.0,72,19,2,2019,1530,44,2,0,0,0,0,0,0,0,0,0,0,0,0,0,0,0,2,0,0,0,0,1,0,0,0,0,0,0,0,0,2,2,0,0,3,0,0,0,0,1,0,1,1
132,133,1,96,83,75.0,74,182,14,2019,1243,56,10,0,0,0,1,0,0,2,0,0,0,0,0,0,0,0,2,0,0,2,0,0,0,0,0,1,0,0,1,0,2,2,0,0,3,0,0,1,0,1,0,1,1
133,134,0,73,70,45.0,55,0,11,2019,1750,253,11,0,0,0,1,0,0,0,0,0,0,0,0,0,0,0,2,0,0,0,0,1,0,0,0,1,2,2,1,0,2,2,0,0,3,0,0,1,0,1,0,1,1
134,135,1,93,87,71.0,73,13,11,2019,2220,215,4,0,0,0,1,0,0,0,0,0,0,0,0,0,0,0,2,0,0,0,0,2,0,0,0,0,0,0,0,0,3,3,0,0,3,0,0,1,0,1,0,1,1
135,136,1,94,84,77.0,74,65,11,2019,1314,208,12,0,0,0,1,0,0,0,0,0,0,0,0,0,0,0,2,0,0,0,0,1,0,0,0,1,0,0,1,0,2,2,0,0,3,0,0,1,0,1,0,1,1
136,137,1,92,81,64.0,76,120,11,2019,1489,142,10,0,0,0,1,0,0,0,0,0,0,0,0,0,0,0,2,0,0,0,0,1,0,0,0,0,0,0,0,0,2,2,0,0,3,0,0,1,0,1,0,1,1
137,138,1,90,85,64.0,70,123,11,2019,1491,275,8,0,0,0,1,0,0,0,0,0,0,0,0,0,0,0,2,0,0,0,0,1,0,0,0,1,0,0,1,0,2,2,0,0,3,0,0,1,0,1,0,1,1
138,139,1,94,85,81.0,73,154,14,2019,1212,157,10,0,0,0,1,0,0,0,0,0,0,0,0,0,0,0,2,0,0,0,0,2,0,0,0,1,0,0,1,0,2,2,0,0,3,0,0,1,0,1,0,1,1
139,140,0,81,83,46.0,55,235,14,2019,1164,190,12,0,0,0,1,0,0,0,0,0,0,0,0,0,0,0,2,0,0,0,0,1,0,0,0,0,0,0,0,0,2,2,0,0,3,0,0,1,0,1,0,1,1
140,141,1,95,89,76.0,78,224,14,2019,1316,137,8,0,0,0,1,0,0,2,0,0,0,0,0,0,0,0,2,0,0,2,0,0,0,0,0,1,0,0,1,0,3,2,0,0,3,0,0,1,0,1,0,1,1
141,142,0,81,83,46.0,55,235,14,2019,1164,261,12,0,0,0,1,0,0,0,0,0,0,0,0,0,0,0,2,0,0,0,0,1,0,0,0,0,0,0,0,0,2,2,0,0,3,0,0,1,0,1,0,1,1
142,143,0,81,83,46.0,55,235,14,2019,1164,73,12,0,0,0,1,0,0,0,0,0,0,0,0,0,0,0,2,0,0,0,0,1,0,0,0,0,0,0,0,0,2,2,0,0,3,0,0,1,0,1,0,1,1
143,144,1,94,87,76.0,72,16,14,2019,1480,35,8,0,0,0,1,0,0,0,0,0,0,0,0,0,0,0,2,0,0,0,0,2,0,0,0,1,0,0,1,0,2,2,0,0,3,0,0,0,0,1,0,1,1
144,145,1,92,86,71.0,72,12,11,2019,2165,214,4,0,0,0,1,0,0,0,0,0,0,0,0,0,0,0,2,0,0,0,0,2,0,0,0,0,0,0,0,0,3,3,0,0,3,0,0,0,0,1,0,1,1
145,146,1,92,86,82.0,73,61,11,2019,1769,171,10,0,0,0,1,0,0,0,0,0,0,0,0,0,0,0,2,0,0,0,0,1,0,0,0,1,0,0,1,0,2,2,0,0,3,0,0,1,0,1,0,1,1
146,147,1,96,87,70.0,73,62,12,2019,1852,25,2,0,0,0,0,0,0,0,0,0,0,0,0,0,0,0,2,0,0,0,0,1,0,0,0,1,0,0,1,0,2,2,0,0,3,0,0,1,0,1,0,1,1
147,148,0,82,84,55.0,58,98,8,2019,1484,219,11,0,0,0,1,0,0,0,0,0,0,0,0,0,0,0,2,0,0,0,0,1,0,0,0,1,0,0,1,0,2,2,0,0,3,0,0,1,0,1,0,1,1
148,149,0,91,84,62.0,68,166,11,2019,1216,37,10,0,0,0,1,0,0,2,0,0,0,0,0,0,0,0,2,0,0,2,0,2,0,0,0,1,0,0,1,0,2,2,0,0,3,0,0,1,0,1,0,1,1
149,150,1,93,84,73.0,73,167,11,2019,1216,38,10,0,0,0,1,0,0,2,0,0,0,0,0,0,0,0,2,0,0,2,0,2,0,0,0,1,0,0,1,0,2,2,0,0,3,0,0,1,0,1,0,1,1
150,151,1,85,83,70.0,73,175,6,2019,2162,246,1,0,0,0,0,0,0,2,0,0,0,0,0,0,0,0,0,0,0,2,0,1,0,0,0,1,0,0,1,0,3,2,0,0,3,0,0,0,0,1,0,1,1
151,152,1,96,83,75.0,74,182,14,2019,1243,78,10,0,0,0,1,0,0,2,0,0,0,0,0,0,0,0,2,0,0,2,0,0,0,0,0,1,0,0,1,0,2,2,0,0,3,0,0,1,0,1,0,1,1
152,153,0,89,78,59.0,62,230,10,2019,1709,230,3,0,0,0,0,0,0,2,0,0,0,0,0,0,0,0,2,0,0,2,0,1,0,0,0,1,3,0,1,0,3,2,0,0,4,0,0,1,0,1,0,1,1
153,154,1,97,91,80.0,78,198,11,2019,1678,126,10,0,0,0,0,0,0,0,0,0,0,0,0,0,0,0,2,0,0,0,0,1,0,0,0,1,0,0,1,0,2,2,0,0,3,0,0,1,0,1,0,1,1
154,155,1,98,81,72.0,94,208,11,2019,2460,2,4,0,0,0,1,0,0,0,0,0,0,0,0,0,0,0,2,0,0,0,0,1,0,0,0,1,0,0,1,0,0,0,0,0,3,0,0,0,0,1,0,1,1
155,156,0,89,78,59.0,62,230,10,2019,1709,230,3,0,0,0,0,0,0,2,0,0,0,0,0,0,0,0,2,0,0,2,0,1,0,0,0,1,3,0,1,0,3,2,0,0,4,0,0,1,0,1,0,1,1
156,157,1,92,88,73.0,79,252,12,2019,1313,200,2,0,0,0,2,0,0,0,0,0,0,0,0,0,0,0,2,0,0,0,0,0,0,0,0,0,0,0,0,0,3,3,0,0,3,0,0,1,0,1,0,1,1
157,158,1,87,86,61.0,76,56,11,2019,2518,124,4,0,0,0,1,0,0,0,0,0,0,0,0,0,0,0,0,0,0,0,0,1,0,0,0,1,0,0,1,0,0,0,0,0,3,0,0,1,0,1,0,1,1
158,159,1,99,86,80.0,77,118,11,2019,1420,76,10,0,0,0,0,0,0,0,0,0,0,0,0,0,0,0,2,0,0,0,0,1,0,0,0,1,0,0,1,0,2,2,0,0,3,0,0,1,0,1,0,1,1
159,160,1,92,88,78.0,74,139,11,2019,1555,20,10,0,0,0,0,0,0,0,0,0,0,0,0,0,0,0,2,0,0,0,0,1,0,0,0,1,0,0,1,0,3,2,0,0,3,0,0,0,0,1,0,1,1
160,161,0,84,86,66.0,69,160,14,2019,1055,91,12,0,0,0,1,0,0,2,0,0,0,0,0,0,0,0,2,0,0,2,0,2,0,0,0,1,0,0,1,0,2,2,0,0,3,0,0,1,0,1,0,1,1
161,162,1,83,87,76.0,72,16,14,2019,1480,32,8,0,0,0,1,0,0,0,0,0,0,0,0,0,0,0,2,0,0,0,0,2,0,0,0,1,0,0,1,0,2,2,0,0,3,0,0,0,0,1,0,1,1
162,163,1,97,87,87.0,76,18,6,2019,1530,294,2,0,0,0,0,0,0,0,0,0,0,0,0,0,0,0,2,0,0,0,0,1,0,0,0,0,0,0,0,0,2,2,0,0,3,0,0,0,0,1,0,1,1
163,164,0,80,78,56.0,69,95,11,2019,1906,36,10,0,0,0,0,0,0,0,0,0,0,0,0,0,0,0,2,0,0,0,0,1,0,1,0,0,0,0,0,0,2,2,0,0,3,0,0,1,0,1,0,1,1
164,165,0,91,86,56.0,71,168,14,2019,1053,40,12,0,0,0,1,0,0,2,0,0,0,0,0,0,0,0,2,0,0,2,0,2,0,0,0,1,0,0,1,0,2,2,0,0,3,0,0,1,0,1,0,1,1
165,166,1,95,85,73.0,80,5,14,2019,1105,50,12,0,0,0,1,0,0,0,0,0,0,0,0,0,0,0,2,0,0,0,0,0,0,0,0,0,0,0,0,0,2,2,0,0,3,0,0,1,0,1,0,1,1
166,167,1,97,87,91.0,76,25,24,2019,1495,274,7,0,0,0,0,0,0,0,0,0,0,0,0,0,0,0,2,0,0,0,0,0,0,0,0,0,1,1,0,1,1,1,0,1,2,0,1,0,0,1,0,1,1
167,168,1,96,87,72.0,75,58,14,2019,1312,26,8,0,0,0,1,0,0,0,0,0,0,0,0,0,0,0,2,0,0,0,0,1,0,0,0,1,0,0,1,0,2,2,0,0,3,0,0,1,0,1,0,1,1
168,169,1,96,91,91.0,75,136,6,2019,1395,74,8,0,0,0,0,0,0,0,0,0,0,0,0,0,0,0,2,0,0,0,0,1,0,0,0,1,0,0,1,0,3,2,0,0,3,0,0,0,0,1,0,1,1
169,170,1,96,90,75.0,75,146,11,2019,2495,111,10,0,0,0,0,0,0,0,0,0,0,0,0,0,0,0,2,0,0,0,0,1,0,0,0,1,0,0,1,0,3,3,0,0,3,0,0,1,0,1,0,1,1
170,171,1,88,85,68.0,74,196,11,2019,1728,170,8,0,0,0,2,0,0,0,0,0,0,0,0,0,0,0,2,0,0,0,0,1,0,0,0,1,0,0,1,0,2,2,0,0,3,0,0,1,0,1,0,1,1
171,172,1,96,85,80.0,76,250,14,2019,1156,160,8,0,0,0,2,0,0,2,0,0,0,0,0,0,0,0,2,0,0,2,0,2,0,0,0,0,0,0,0,0,3,2,0,0,3,0,0,1,0,1,0,1,1
172,173,0,87,86,54.0,63,40,11,2019,1199,97,10,0,0,0,1,0,0,2,0,0,0,0,0,0,0,0,2,0,0,2,0,0,0,0,0,1,0,0,1,0,0,2,0,0,3,0,0,1,0,1,0,1,1
173,174,1,96,86,64.0,76,40,11,2019,1199,96,10,0,0,0,1,0,0,2,0,0,0,0,0,0,0,0,2,0,0,2,0,0,0,0,0,1,0,0,1,0,0,2,0,0,3,0,0,1,0,1,0,1,1
174,175,0,88,85,52.0,68,101,14,2019,1240,164,8,0,0,0,1,0,0,0,0,0,0,0,0,0,0,0,2,0,0,0,0,1,0,0,0,1,0,0,1,0,2,2,0,0,3,0,0,1,0,1,0,1,1
175,176,1,88,85,68.0,73,101,14,2019,1240,165,8,0,0,0,1,0,0,0,0,0,0,0,0,0,0,0,2,0,0,0,0,1,0,0,0,1,0,0,1,0,2,2,0,0,3,0,0,1,0,1,0,1,1
176,177,1,96,90,78.0,75,133,10,2019,1405,24,9,0,0,0,0,0,0,0,0,0,0,0,0,0,0,0,2,0,0,0,0,1,0,0,0,1,0,0,1,0,3,2,0,0,3,0,0,1,0,1,0,1,1
177,178,1,91,90,78.0,78,141,11,2019,2235,23,4,0,0,0,0,0,0,0,0,0,0,0,0,0,0,0,2,0,0,0,0,1,0,0,0,1,0,0,1,0,3,2,0,0,3,0,0,1,0,1,0,1,1
178,179,1,96,86,74.0,94,206,6,2019,1760,192,2,0,0,0,1,0,0,0,0,0,0,0,0,0,0,0,2,0,0,0,0,1,0,0,0,1,0,0,1,0,2,2,0,0,3,0,0,1,0,1,0,1,1
179,180,1,97,87,81.0,76,253,14,2019,1138,228,8,0,0,0,2,0,0,0,0,0,0,0,0,0,0,0,2,0,0,0,0,2,0,0,0,0,0,0,0,0,3,3,0,0,3,0,0,1,0,1,0,1,1
180,181,1,91,85,71.0,76,14,11,2019,2565,282,4,0,0,0,1,0,0,0,0,0,0,0,0,0,0,0,2,0,0,0,0,2,0,0,0,0,0,0,1,0,3,3,0,0,3,0,0,1,0,1,0,1,1
181,182,1,96,85,82.0,77,115,11,2019,1580,254,11,0,0,0,0,0,0,0,0,0,0,0,0,0,0,0,0,0,0,0,0,1,0,0,0,1,0,0,1,0,2,2,0,0,3,0,0,1,0,1,0,1,1
182,183,1,98,87,81.0,73,127,14,2019,1346,185,8,0,0,0,0,0,0,0,0,0,0,0,0,0,0,0,2,0,0,0,0,1,0,0,0,1,0,0,1,0,2,2,0,0,3,0,0,1,0,1,0,1,1
183,184,1,96,89,72.0,75,183,14,2019,1110,84,12,0,0,0,1,0,0,2,0,0,0,0,0,0,0,0,2,0,0,2,0,0,0,0,0,1,0,0,1,0,2,2,0,0,3,0,0,1,0,1,0,1,1
184,185,1,95,84,86.0,77,213,14,2019,1400,90,8,0,0,0,0,0,0,0,0,0,0,0,0,0,0,0,2,0,0,0,0,1,0,0,0,1,0,0,1,0,2,2,0,0,3,0,0,1,0,1,0,1,1
185,186,1,93,87,85.0,77,216,11,2019,1730,217,10,0,0,0,0,0,0,0,0,0,0,0,0,0,0,0,2,0,0,0,0,1,0,0,0,1,0,0,1,0,2,2,0,0,3,0,0,1,0,1,0,1,1
186,187,1,97,86,81.0,80,231,26,2019,1204,260,9,0,0,0,1,0,0,1,0,0,0,0,0,0,0,0,2,0,0,1,0,0,0,0,0,0,0,0,0,0,2,1,0,0,3,0,0,1,0,1,0,1,1
187,188,0,87,86,58.0,75,31,11,2019,1495,71,10,0,0,0,1,0,0,2,0,0,0,0,0,0,0,0,2,0,0,2,0,0,0,0,0,1,0,0,1,0,2,2,0,0,3,0,0,1,0,1,0,1,1
188,189,1,89,86,67.0,82,30,11,2019,1495,8,10,0,0,0,1,0,0,2,0,0,0,0,0,0,0,0,2,0,0,2,0,0,0,0,0,1,0,0,1,0,2,2,0,0,3,0,0,1,0,1,0,1,1
189,190,1,94,87,72.0,73,178,11,2019,1956,119,10,0,0,0,1,0,0,2,0,0,0,0,0,0,0,0,2,0,0,2,0,1,0,0,0,1,0,0,1,0,2,2,0,0,3,0,0,0,0,1,0,1,1
190,191,1,93,83,70.0,76,73,11,2019,1612,75,4,0,0,0,1,0,0,2,0,0,0,0,0,0,0,0,2,0,0,2,0,1,0,0,0,1,0,0,1,0,2,2,0,0,3,0,0,1,0,1,0,1,1
191,192,1,90,83,78.0,72,138,11,2019,2451,129,4,0,0,0,0,0,0,0,0,0,0,0,0,0,0,0,0,0,0,0,0,1,0,1,0,1,0,0,1,0,3,2,0,0,3,0,0,1,0,1,0,1,1
192,193,1,97,84,79.0,79,194,21,2019,1524,245,5,0,0,0,0,0,0,2,0,0,0,0,0,0,0,0,2,0,0,2,0,0,0,0,0,1,0,0,1,0,2,2,0,0,3,0,0,1,0,1,0,1,1
193,194,0,91,81,58.0,68,172,10,2018,1510,220,9,0,0,0,1,0,0,2,0,0,0,0,0,0,0,0,2,0,0,2,0,1,0,0,0,1,0,0,1,0,2,2,0,0,3,0,0,1,0,1,0,1,1
194,195,1,93,85,81.0,76,7,6,2018,1682,52,1,0,0,0,1,0,0,0,0,0,0,0,0,0,0,0,2,0,0,0,0,2,0,0,0,0,0,0,0,0,3,3,0,0,3,0,0,0,0,1,0,1,1
195,196,1,95,86,76.0,85,9,11,2018,1646,211,10,0,0,0,1,0,0,0,0,0,0,0,0,0,0,0,2,0,0,0,0,2,0,0,0,0,0,0,0,0,3,3,0,0,3,0,0,1,0,1,0,1,1
196,197,1,89,86,75.0,75,24,11,2018,2185,7,4,0,0,0,0,0,0,0,0,0,0,0,0,0,0,0,2,0,0,0,0,1,0,0,0,0,0,0,0,0,3,3,0,0,3,0,0,0,0,1,0,1,1
197,198,0,45,16,47.0,7,50,14,2018,940,202,12,0,0,0,1,0,1,2,0,0,0,0,0,0,0,0,2,0,1,2,0,1,0,0,0,1,2,2,1,0,2,2,0,0,3,0,0,1,0,1,0,2,2
198,199,1,94,88,67.0,76,85,11,2018,1950,227,4,0,0,0,1,0,0,0,0,0,0,0,0,0,0,0,2,0,0,0,0,0,0,0,0,0,0,0,0,0,1,1,0,0,3,0,0,1,0,1,0,1,1
199,200,1,91,81,73.0,81,89,14,2018,2180,145,1,0,0,0,1,0,0,2,0,0,0,0,0,0,0,0,2,0,0,2,0,1,0,0,0,1,0,0,1,0,2,2,0,0,3,0,0,0,0,1,0,1,1
200,201,0,50,69,49.0,32,99,17,2018,2089,263,4,0,0,0,1,0,0,2,0,0,0,0,0,0,0,0,2,0,0,2,0,1,0,0,0,0,2,2,0,2,2,2,0,0,3,0,0,1,0,1,0,1,2
201,202,1,96,86,71.0,79,171,15,2018,1434,48,2,0,0,0,1,0,0,2,0,0,0,0,0,0,0,0,2,0,0,2,0,2,0,0,0,1,0,0,1,0,2,2,0,0,3,0,0,0,0,1,0,1,1
202,203,1,96,84,74.0,76,241,12,2018,1844,224,2,0,0,0,1,0,0,0,0,0,0,0,0,0,0,0,2,0,0,0,0,2,0,0,0,1,0,0,1,0,2,2,0,0,3,0,0,0,0,1,0,1,1
203,204,1,96,84,74.0,76,241,12,2018,1844,255,2,0,0,0,1,0,0,0,0,0,0,0,0,0,0,0,2,0,0,0,0,2,0,0,0,1,0,0,1,0,2,2,0,0,3,0,0,0,0,1,0,1,1
204,205,0,91,81,58.0,68,172,10,2018,1510,65,9,0,0,0,1,0,0,2,0,0,0,0,0,0,0,0,2,0,0,2,0,1,0,0,0,1,0,0,1,0,2,2,0,0,3,0,0,1,0,1,0,1,1
205,206,1,94,87,67.0,80,84,11,2018,1814,196,4,0,0,0,1,0,0,0,0,0,0,0,0,0,0,0,2,0,0,0,0,1,0,0,0,1,0,0,1,0,2,2,0,0,3,0,0,0,0,1,0,1,1
206,207,1,91,87,90.0,77,112,6,2018,1740,114,2,0,0,0,0,0,0,0,0,0,0,0,0,0,0,0,0,0,0,0,0,1,0,0,0,0,0,0,0,0,0,0,0,0,3,0,0,0,0,1,0,1,1
207,208,1,95,91,66.0,73,130,12,2018,1577,186,2,0,0,0,1,0,0,0,0,0,0,0,0,0,0,0,2,0,0,0,0,1,0,0,0,1,0,0,1,0,2,2,0,0,3,0,0,0,0,1,0,1,1
208,209,1,96,91,92.0,75,132,14,2018,1445,293,8,0,0,0,0,0,0,0,0,0,0,0,0,0,0,0,2,0,0,0,0,1,0,0,0,0,0,0,0,0,3,3,0,0,3,0,0,0,0,1,0,1,1
209,210,0,91,81,58.0,68,172,10,2018,1510,87,9,0,0,0,1,0,0,2,0,0,0,0,0,0,0,0,2,0,0,2,0,1,0,0,0,1,0,0,1,0,2,2,0,0,3,0,0,1,0,1,0,1,1
210,211,0,91,81,58.0,68,172,10,2018,1510,221,9,0,0,0,1,0,0,2,0,0,0,0,0,0,0,0,2,0,0,2,0,1,0,0,0,1,0,0,1,0,2,2,0,0,3,0,0,1,0,1,0,1,1
211,212,1,93,85,81.0,76,7,6,2018,1682,51,1,0,0,0,1,0,0,0,0,0,0,0,0,0,0,0,2,0,0,0,0,2,0,0,0,0,0,0,0,0,3,3,0,0,3,0,0,0,0,1,0,1,1
212,213,0,92,79,65.0,75,67,10,2018,1690,287,9,0,0,0,1,0,0,0,0,0,0,0,0,0,0,0,2,0,0,0,0,1,0,0,0,1,0,0,1,0,2,2,0,0,3,0,0,1,0,1,0,1,1
213,214,0,73,84,52.0,50,100,3,2018,1095,155,12,0,0,0,1,0,0,0,0,0,0,0,0,0,0,0,2,0,0,0,0,1,0,0,0,0,0,0,0,0,2,2,0,0,3,0,0,1,0,1,0,1,1
214,215,1,89,86,72.0,81,233,11,2018,2065,250,4,0,0,0,2,0,0,0,0,0,0,0,0,0,0,0,3,0,0,0,0,1,0,0,0,0,2,0,0,0,3,3,0,0,3,0,0,0,0,1,0,1,1
215,216,1,85,87,72.0,75,58,14,2018,1312,123,8,0,0,0,1,0,0,0,0,0,0,0,0,0,0,0,2,0,0,0,0,1,0,0,0,1,0,0,1,0,2,2,0,0,3,0,0,1,0,1,0,1,1
216,217,1,97,87,71.0,76,242,11,2018,1680,268,10,0,0,0,0,0,0,0,0,0,0,0,0,0,0,0,2,0,0,0,0,2,0,0,0,1,0,0,1,0,2,2,0,0,3,0,0,1,0,1,0,1,1
217,218,1,93,86,71.0,71,155,14,2018,1545,15,8,0,0,0,1,0,0,2,0,0,0,0,0,0,0,0,2,0,0,2,0,0,0,0,0,1,0,0,1,0,2,2,0,0,3,0,0,1,0,1,0,1,1
218,219,0,72,56,70.84862385321101,25,2,14,2017,1355,136,8,0,0,0,1,0,0,0,0,0,0,0,0,0,0,0,2,0,0,0,0,1,0,0,0,1,2,0,1,0,2,2,0,0,3,0,0,1,0,1,0,2,2
219,220,1,86,85,70.84862385321101,59,21,12,2017,1900,49,1,0,0,0,0,0,0,2,0,0,0,0,0,0,0,0,2,0,0,2,0,1,0,0,0,1,0,0,1,0,2,2,0,0,3,0,0,0,0,1,0,1,3
220,221,0,71,66,70.84862385321101,37,44,11,2017,1303,105,10,0,0,0,1,0,0,2,0,0,0,0,0,0,0,0,2,0,0,2,0,1,0,0,0,1,0,0,1,0,2,2,0,0,3,0,0,1,0,1,0,1,2
221,222,0,69,37,70.84862385321101,29,39,3,2017,1084,98,12,0,0,0,1,0,0,2,0,0,0,0,0,0,0,0,2,0,0,2,0,1,0,0,0,1,2,2,1,0,2,2,0,0,3,0,2,1,0,1,0,1,2
222,223,0,51,43,70.84862385321101,0,51,14,2017,1030,209,8,0,0,0,1,2,1,3,0,0,0,0,0,0,0,0,2,2,1,3,0,1,0,0,1,1,2,2,1,3,2,2,0,0,3,0,2,1,0,1,0,3,2
223,224,0,76,60,70.84862385321101,29,59,10,2017,1606,27,9,0,0,0,1,0,0,0,0,0,0,0,0,0,0,0,2,0,0,0,0,1,0,2,0,1,2,2,1,0,2,2,0,0,3,0,2,1,0,1,0,1,3
224,225,0,76,60,70.84862385321101,29,59,10,2017,1606,27,9,0,0,0,1,0,0,0,0,0,0,0,0,0,0,0,2,0,0,0,0,1,0,2,0,1,2,2,1,0,2,2,0,0,3,0,2,1,0,1,0,1,3
225,226,1,87,85,70.84862385321101,60,83,11,2017,1365,158,10,0,0,0,1,0,0,0,0,0,0,0,0,0,0,0,2,0,0,0,0,1,0,0,0,1,0,0,1,0,2,2,0,0,3,0,0,1,0,1,0,1,1
226,227,1,93,85,70.84862385321101,72,94,11,2017,1874,120,10,0,0,0,1,0,0,0,0,0,0,0,0,0,0,0,2,0,0,0,0,1,0,0,0,1,0,0,1,0,2,2,0,0,3,0,0,1,0,1,0,1,1
227,228,1,93,81,70.84862385321101,82,109,13,2017,1806,235,1,0,0,0,0,0,0,0,0,0,0,0,0,0,0,0,2,0,0,0,0,1,0,0,0,1,0,0,1,0,2,2,0,0,3,0,2,0,0,1,0,1,1
228,229,0,85,84,70.84862385321101,25,106,14,2017,1070,236,8,0,0,0,1,0,0,0,0,0,0,0,0,0,0,0,2,0,0,0,0,1,0,0,0,1,0,0,1,0,2,2,0,0,3,0,0,1,0,1,0,3,3
229,230,1,93,84,70.84862385321101,59,106,14,2017,1070,237,8,0,0,0,1,0,0,0,0,0,0,0,0,0,0,0,2,0,0,0,0,1,0,0,0,1,0,0,1,0,2,2,0,0,3,0,0,1,0,1,0,3,0
230,231,0,71,51,70.84862385321101,29,122,11,2017,1204,276,8,0,0,0,1,0,0,0,0,0,0,0,0,0,0,0,2,0,0,0,0,1,0,0,0,1,2,2,1,0,2,2,0,0,3,0,2,1,0,1,0,1,2
231,232,0,61,60,70.84862385321101,25,161,14,2017,920,162,12,0,0,0,1,0,0,2,0,0,0,0,0,0,0,0,2,0,0,2,0,1,0,0,0,0,0,0,0,0,2,2,0,0,3,0,0,1,0,1,0,3,3
232,233,0,74,63,70.84862385321101,25,209,14,2017,910,11,12,0,0,0,1,0,0,0,0,0,0,0,0,0,0,0,2,0,0,0,0,1,0,0,0,1,2,2,1,0,2,2,0,0,3,0,0,1,0,1,0,3,3
233,234,0,82,63,70.84862385321101,57,209,14,2017,910,12,12,0,0,0,1,0,0,0,0,0,0,0,0,0,0,0,2,0,0,0,0,1,0,0,0,1,2,2,1,0,2,2,0,0,3,0,0,1,0,1,0,3,0
234,235,1,83,80,70.84862385321101,57,218,14,2017,1155,0,12,0,0,0,0,0,0,0,0,0,0,0,0,0,0,0,2,0,0,0,0,1,0,0,0,1,0,0,1,0,2,2,0,0,3,0,0,1,0,1,0,3,1
235,236,1,93,84,70.84862385321101,58,23,11,2017,1825,267,10,0,0,0,0,0,0,2,0,0,0,0,0,0,0,0,2,0,0,2,0,1,0,0,0,1,0,0,1,0,2,2,0,0,3,0,0,0,0,1,0,1,3
236,237,0,74,78,70.84862385321101,25,36,3,2017,1483,281,8,0,0,0,1,0,0,2,0,0,0,0,0,0,0,0,2,0,0,2,0,1,0,1,0,1,0,0,1,2,2,2,0,0,3,0,0,1,0,1,0,2,2
237,238,1,91,87,70.84862385321101,76,41,11,2017,1420,99,10,0,0,0,1,0,0,2,0,0,0,0,0,0,0,0,2,0,0,2,0,2,0,0,0,1,0,0,1,0,3,2,0,0,3,0,0,1,0,1,0,1,1
238,239,1,92,75,70.84862385321101,88,74,14,2017,1292,82,8,0,0,0,1,0,0,2,0,0,0,0,0,0,0,0,2,0,0,2,0,1,0,0,0,1,0,0,1,0,2,2,0,0,3,0,0,1,0,1,0,1,1
239,240,1,86,87,70.84862385321101,72,93,11,2017,1867,107,10,0,0,0,1,0,0,0,0,0,0,0,0,0,0,0,2,0,0,0,0,1,0,0,0,1,0,0,1,0,2,2,0,0,3,0,0,0,0,1,0,1,1
240,241,1,90,87,70.84862385321101,77,143,5,2017,2252,264,6,0,0,0,0,0,0,0,0,0,0,0,0,0,0,0,2,0,0,0,0,1,0,0,0,1,0,0,1,0,2,2,0,0,3,0,0,1,0,1,0,1,1
241,242,1,95,80,70.84862385321101,62,174,11,2017,2169,79,4,0,0,0,0,0,0,2,0,0,0,0,0,0,0,0,0,0,0,2,0,1,0,0,0,1,0,0,1,0,3,2,0,0,3,0,0,0,0,1,0,1,3
242,243,1,94,89,70.84862385321101,68,199,14,2017,1462,153,8,0,0,0,0,0,0,0,0,0,0,0,0,0,0,0,2,0,0,0,0,1,0,0,0,1,0,0,1,0,2,2,0,0,3,0,0,1,0,1,0,2,1
243,244,1,94,89,70.84862385321101,68,202,14,2017,1462,271,8,0,0,0,0,0,0,0,0,0,0,0,0,0,0,0,2,0,0,0,0,1,0,0,0,1,0,0,1,0,2,2,0,0,3,0,0,1,0,1,0,2,1
244,245,1,85,82,70.84862385321101,60,33,10,2017,1126,67,9,0,0,0,1,0,0,2,0,0,0,0,0,0,0,0,2,0,0,2,0,1,0,0,0,1,0,0,1,0,2,2,0,0,3,0,0,1,0,1,0,1,1
245,246,1,97,78,70.84862385321101,71,148,11,2017,1425,117,10,0,0,0,0,0,0,2,0,0,0,0,0,0,0,0,2,0,0,2,0,1,0,0,0,1,0,0,1,0,2,2,0,0,3,0,0,1,0,1,0,1,1
246,247,1,85,84,70.84862385321101,57,163,11,2017,1163,93,9,0,0,0,1,0,0,0,0,0,0,0,0,0,0,0,2,0,0,0,0,1,0,0,0,1,0,0,1,0,2,2,0,0,3,0,0,1,0,1,0,1,1
247,248,1,95,80,70.84862385321101,60,188,14,2017,1112,57,10,0,0,0,1,0,0,0,0,0,0,0,0,0,0,0,2,0,0,0,0,1,0,0,0,1,0,0,1,0,2,2,0,0,3,0,0,1,0,1,0,1,2
248,249,1,93,79,70.84862385321101,58,195,11,2017,1365,163,10,0,0,0,0,0,0,2,0,0,0,0,0,0,0,0,2,0,0,2,0,2,0,0,0,1,0,0,1,0,2,2,0,0,3,0,0,1,0,1,0,1,3
249,250,1,98,87,70.84862385321101,95,243,11,2017,1873,269,4,0,0,0,0,0,0,0,0,0,0,0,0,0,0,0,2,0,0,0,0,2,0,0,0,1,0,0,1,0,2,2,0,0,3,0,0,1,0,1,0,1,1
250,251,1,96,85,70.84862385321101,59,228,14,2017,1071,206,12,0,0,0,1,0,0,0,0,0,0,0,0,0,0,0,2,0,0,0,0,1,0,0,0,1,0,0,1,0,2,2,0,0,3,0,0,1,0,1,0,1,2
251,252,1,96,87,70.84862385321101,71,238,11,2017,1250,242,10,0,0,0,1,0,0,0,0,0,0,0,0,0,0,0,2,0,0,0,0,1,0,0,0,1,0,0,1,0,2,2,0,0,3,0,0,1,0,1,0,3,1
252,253,1,93,85,70.84862385321101,72,180,11,2017,1928,262,10,0,0,0,1,0,0,0,0,0,0,0,0,0,0,0,2,0,0,0,0,1,0,0,0,1,0,0,1,0,2,2,0,0,3,0,0,1,0,1,0,1,1
253,254,1,87,84,70.84862385321101,60,57,14,2017,1150,122,12,0,0,0,1,0,0,0,0,0,0,0,0,0,0,0,2,0,0,0,0,1,0,0,0,1,0,0,1,0,2,2,0,0,3,0,0,1,0,1,0,1,1
254,255,1,90,83,70.84862385321101,59,96,11,2017,1575,88,10,0,0,0,1,0,0,2,0,0,0,0,0,0,0,0,2,0,0,2,0,1,0,0,0,1,0,0,1,0,2,2,0,0,3,0,2,1,0,1,0,1,1
255,256,0,79,64,70.84862385321101,25,105,14,2017,899,203,12,0,0,0,2,0,0,0,0,0,0,0,0,0,0,0,2,0,0,0,0,1,0,0,0,1,0,0,1,0,2,2,0,0,3,0,0,1,0,1,0,3,2
256,257,0,87,64,70.84862385321101,47,105,14,2017,899,204,12,0,0,0,2,0,0,0,0,0,0,0,0,0,0,0,2,0,0,0,0,1,0,0,0,1,0,0,1,0,2,2,0,0,3,0,0,1,0,1,0,3,2
257,258,0,85,84,70.84862385321101,25,106,14,2017,1040,222,8,0,0,0,1,0,0,0,0,0,0,0,0,0,0,0,2,0,0,0,0,1,0,0,0,1,0,0,1,0,2,2,0,0,3,0,0,1,0,1,0,3,3
258,259,1,93,84,70.84862385321101,59,106,14,2017,1040,223,8,0,0,0,1,0,0,0,0,0,0,0,0,0,0,0,2,0,0,0,0,1,0,0,0,1,0,0,1,0,2,2,0,0,3,0,0,1,0,1,0,3,0
259,260,1,95,80,70.84862385321101,59,128,11,2017,1645,77,10,0,0,0,1,0,0,0,0,0,0,0,0,0,0,0,2,0,0,0,0,1,0,0,0,1,0,0,1,0,2,2,0,0,3,0,0,1,0,1,0,1,3
260,261,1,89,79,70.84862385321101,53,135,0,2017,1745,289,2,0,0,0,0,0,0,0,0,0,0,0,0,0,0,0,2,0,0,0,0,1,0,0,0,1,0,0,1,2,0,2,0,0,3,0,0,0,0,1,0,1,3
261,262,0,82,73,70.84862385321101,72,159,14,2017,1636,54,8,0,0,0,1,0,0,0,0,0,0,0,0,0,0,0,2,0,0,0,0,1,0,0,0,1,0,0,1,0,2,2,0,0,3,0,2,1,0,1,0,1,1
262,263,1,84,87,70.84862385321101,60,164,14,2017,1412,140,10,0,0,0,1,0,0,2,0,0,0,0,0,0,0,0,2,0,0,2,0,0,0,0,0,1,0,0,1,0,2,2,0,0,3,0,0,1,0,1,0,1,1
263,264,1,90,79,70.84862385321101,75,185,11,2017,1623,169,4,0,0,0,1,0,0,0,0,0,0,0,0,0,0,0,2,0,0,0,0,1,0,0,0,1,0,0,1,0,2,2,0,0,3,0,0,1,0,1,0,1,1
264,265,1,97,84,70.84862385321101,60,3,11,2017,1745,234,4,0,0,0,1,0,0,0,0,0,0,0,0,0,0,0,2,0,0,0,0,1,0,0,0,1,0,0,1,0,2,2,0,0,3,0,0,1,0,1,0,1,1
265,266,0,72,32,70.84862385321101,61,63,2,2017,1768,39,7,0,0,0,0,0,0,0,0,0,0,0,0,0,0,0,0,0,0,0,0,1,0,0,0,0,2,2,0,0,2,2,0,0,3,0,2,0,0,1,0,2,1
266,267,0,92,67,70.84862385321101,88,74,14,2017,1292,83,8,0,0,0,1,0,0,2,0,0,0,0,0,0,0,0,2,0,0,2,0,1,0,0,0,1,0,0,1,0,2,2,0,0,3,0,0,1,0,1,0,1,1
267,268,1,88,84,70.84862385321101,68,88,14,2017,1412,284,8,0,0,0,2,0,0,0,0,0,0,0,0,0,0,0,2,0,0,0,0,1,0,0,0,1,0,0,1,2,2,2,0,0,3,0,0,1,0,1,0,1,1
268,269,1,93,85,70.84862385321101,69,90,14,2017,1460,5,2,0,0,0,1,0,0,0,0,0,0,0,0,0,0,0,2,0,0,0,0,1,0,0,0,1,0,0,1,0,3,3,0,0,3,0,3,0,0,1,0,1,1
269,270,1,95,77,70.84862385321101,60,192,14,2017,1047,150,12,0,0,0,1,0,0,0,0,0,0,0,0,0,0,0,2,0,0,0,0,1,0,0,0,1,0,0,1,0,2,2,0,0,3,0,0,1,0,1,0,1,2
270,271,1,96,85,70.84862385321101,82,222,14,2017,1625,58,1,0,0,0,0,0,0,0,0,0,0,0,0,0,0,0,2,0,0,0,0,1,0,0,0,1,0,0,1,0,3,2,0,0,3,0,0,0,0,1,0,1,1
271,272,1,90,80,70.84862385321101,51,125,10,2017,1430,92,9,0,0,0,1,0,0,0,0,0,0,0,0,0,0,0,2,0,0,0,0,2,0,0,0,1,0,0,1,0,2,2,0,0,3,0,0,0,0,1,0,1,2
272,273,0,91,79,70.84862385321101,49,156,14,2017,1072,188,12,0,0,0,1,0,0,2,0,0,0,0,0,0,0,0,2,0,0,2,0,0,0,0,0,1,0,0,1,0,2,2,0,0,3,0,0,1,0,1,0,1,3
273,274,1,91,79,70.84862385321101,72,156,14,2017,1072,189,12,0,0,0,1,0,0,2,0,0,0,0,0,0,0,0,2,0,0,2,0,0,0,0,0,1,0,0,1,0,2,2,0,0,3,0,0,1,0,1,0,1,0
274,275,1,92,77,70.84862385321101,54,251,11,2017,1653,168,4,0,0,0,0,0,0,2,0,0,0,0,0,0,0,0,2,0,0,2,0,2,0,0,0,1,0,0,1,0,3,2,0,0,3,0,0,1,0,1,0,1,3
275,276,0,83,75,70.84862385321101,25,205,14,2017,855,239,12,0,0,0,1,0,0,0,0,0,0,0,0,0,0,0,2,0,0,0,0,1,0,0,0,1,0,0,1,0,2,2,0,0,3,0,0,1,0,1,0,3,2
276,277,0,88,75,70.84862385321101,44,205,14,2017,855,240,12,0,0,0,1,0,0,0,0,0,0,0,0,0,0,0,2,0,0,0,0,1,0,0,0,1,0,0,1,0,2,2,0,0,3,0,0,1,0,1,0,3,2
277,278,1,91,85,70.84862385321101,59,20,6,2017,1560,45,1,0,0,0,0,0,0,0,0,0,0,0,0,0,0,0,2,0,0,0,0,1,0,0,0,1,0,0,1,0,2,2,0,0,3,0,0,0,0,1,0,1,3
278,279,0,75,46,70.84862385321101,25,54,10,2017,1580,30,9,0,0,0,1,0,0,0,0,0,0,0,0,0,0,0,2,0,0,0,0,1,0,0,0,1,2,0,1,0,2,2,0,0,3,0,0,1,0,1,0,2,2
279,280,1,93,86,70.84862385321101,58,11,11,2017,1805,213,4,0,0,0,1,0,0,0,0,0,0,0,0,0,0,0,2,0,0,0,0,2,0,0,0,1,0,0,1,0,3,3,0,0,3,0,0,0,0,1,0,1,3
280,281,0,88,83,70.84862385321101,58,32,14,2017,1072,68,12,0,0,0,1,0,0,2,0,0,0,0,0,0,0,0,2,0,0,2,0,2,0,0,0,1,0,0,1,0,2,2,0,0,3,0,0,1,0,1,0,1,1
281,282,0,66,49,70.84862385321101,27,53,3,2017,865,291,12,0,0,0,0,0,0,0,0,0,0,0,0,0,0,0,2,0,0,0,0,1,0,0,0,1,2,2,1,0,2,2,0,0,3,0,2,1,0,1,0,1,2
282,283,0,73,61,70.84862385321101,29,60,14,2017,1059,159,12,0,0,0,1,0,0,0,0,0,0,0,0,0,0,0,2,0,0,0,0,1,0,0,0,1,2,2,1,0,2,2,0,0,3,0,2,1,0,1,0,1,2
283,284,1,90,80,70.84862385321101,73,111,11,2017,2390,104,4,0,0,0,1,0,0,0,0,0,0,0,0,0,0,0,2,0,0,0,0,2,0,0,0,1,0,0,1,0,2,2,0,0,3,0,0,1,0,1,0,1,1
284,285,1,95,77,70.84862385321101,78,211,11,2017,1470,66,10,0,0,0,0,0,0,0,0,0,0,0,0,0,0,0,2,0,0,0,0,1,0,0,0,1,0,0,1,0,2,2,0,0,3,0,0,1,0,1,0,1,1
285,286,0,72,32,70.84862385321101,16,63,2,2017,1768,195,7,0,0,0,0,0,0,0,0,0,0,0,0,0,0,0,0,0,0,0,0,1,0,0,0,0,2,2,0,0,2,2,0,0,3,0,2,0,0,1,0,2,2
286,287,1,95,80,70.84862385321101,93,240,4,2017,1828,225,1,0,0,0,0,0,0,0,0,0,0,0,0,0,0,0,2,0,0,0,0,2,0,0,0,1,0,0,1,0,2,2,0,0,4,0,0,0,0,1,0,1,1
287,288,1,95,80,70.84862385321101,93,240,4,2017,1828,256,1,0,0,0,0,0,0,0,0,0,0,0,0,0,0,0,2,0,0,0,0,2,0,0,0,1,0,0,1,0,2,2,0,0,4,0,0,0,0,1,0,1,1
288,289,1,93,86,70.84862385321101,60,8,11,2016,1380,210,10,0,0,0,1,0,0,0,0,0,0,0,0,0,0,0,2,0,0,0,0,2,0,0,0,1,0,0,1,0,2,2,0,0,3,0,0,1,0,1,0,3,1
289,290,1,85,76,70.84862385321101,89,55,11,2016,1970,118,4,0,0,0,0,0,0,0,0,0,0,0,0,0,0,0,2,0,0,0,0,1,0,0,0,0,2,2,0,0,2,2,0,0,3,0,0,1,0,1,0,1,1
290,291,1,91,80,70.84862385321101,82,82,14,2016,1370,154,8,0,0,0,0,0,0,0,0,0,0,0,0,0,0,0,2,0,0,0,0,1,0,0,0,1,0,0,1,0,2,2,0,0,3,0,0,1,0,1,0,1,1
291,292,0,82,62,70.84862385321101,43,197,11,2016,1400,248,8,0,0,0,2,0,0,0,0,0,0,0,0,0,0,0,2,0,0,0,0,1,0,0,0,1,2,0,1,0,2,2,0,0,3,0,0,1,0,1,0,3,3
292,293,0,82,62,70.84862385321101,43,197,11,2016,1435,270,8,0,0,0,2,0,0,0,0,0,0,0,0,0,0,0,2,0,0,0,0,1,0,0,0,1,2,0,1,0,2,2,0,0,3,0,0,1,0,1,0,3,3
293,294,0,79,79,70.84862385321101,25,204,14,2016,820,151,12,0,0,0,1,0,0,0,0,0,0,0,0,0,0,0,2,0,0,0,0,1,0,0,0,1,0,0,1,0,2,2,0,0,3,0,0,1,0,1,0,3,3
294,295,1,87,79,70.84862385321101,60,204,14,2016,820,152,12,0,0,0,1,0,0,0,0,0,0,0,0,0,0,0,2,0,0,0,0,1,0,0,0,1,0,0,1,0,2,2,0,0,3,0,0,1,0,1,0,3,0
295,296,0,82,60,70.84862385321101,25,52,14,2016,1350,31,8,0,0,0,1,0,0,0,0,0,0,0,0,0,0,0,2,0,0,0,0,1,0,0,0,1,2,0,1,0,2,2,0,0,3,0,0,1,0,1,0,3,2
296,297,0,82,60,70.84862385321101,57,52,14,2016,1350,31,8,0,0,0,1,0,0,0,0,0,0,0,0,0,0,0,2,0,0,0,0,1,0,0,0,1,2,0,1,0,2,2,0,0,3,0,0,1,0,1,0,0,2
297,298,1,95,90,70.84862385321101,62,137,6,2016,1680,106,1,0,0,0,0,0,0,0,0,0,0,0,0,0,0,0,2,0,0,0,0,1,0,0,0,1,0,0,1,0,3,1,0,0,3,0,0,0,0,1,0,1,3
298,299,1,86,85,70.84862385321101,58,169,11,2016,1300,41,10,0,0,0,1,0,0,2,0,0,0,0,0,0,0,0,2,0,0,2,0,0,0,0,0,1,0,0,1,0,3,2,0,0,3,0,0,1,0,1,0,1,1
299,300,0,83,80,70.84862385321101,59,104,14,2016,1414,167,8,0,0,0,0,0,0,0,0,0,0,0,0,0,0,0,2,0,0,0,0,1,0,0,0,1,0,0,1,0,2,2,0,0,3,0,0,1,0,1,0,1,1
300,301,1,91,80,70.84862385321101,81,104,14,2016,1414,13,8,0,0,0,0,0,0,0,0,0,0,0,0,0,0,0,2,0,0,0,0,1,0,0,0,1,0,0,1,0,2,2,0,0,3,0,0,1,0,1,0,1,1
301,302,1,90,82,70.84862385321101,59,186,18,2016,1517,229,9,0,0,0,1,0,0,0,0,0,0,0,0,0,0,0,2,0,0,0,0,0,0,0,0,1,0,0,1,0,2,2,0,0,3,0,0,1,0,1,0,1,3
302,303,1,92,83,70.84862385321101,68,200,12,2016,1574,238,8,0,0,0,0,0,0,0,0,0,0,0,0,0,0,0,2,0,0,0,0,1,0,0,0,1,0,0,1,0,2,2,0,0,3,0,0,1,0,1,0,2,1
303,304,0,85,82,70.84862385321101,25,214,23,2016,2050,4,6,0,0,0,0,0,0,2,0,0,0,0,0,0,0,0,2,0,0,2,0,1,0,0,0,1,0,0,1,0,2,2,0,0,3,0,0,1,0,1,0,3,3
304,305,1,93,82,70.84862385321101,63,214,23,2016,2050,10,6,0,0,0,0,0,0,2,0,0,0,0,0,0,0,0,2,0,0,2,0,1,0,0,0,1,0,0,1,0,2,2,0,0,3,0,0,1,0,1,0,0,0
305,306,1,98,81,70.84862385321101,60,1,6,2016,1449,29,2,0,0,0,1,0,0,0,0,0,0,0,0,0,0,0,2,0,0,0,0,1,0,0,0,1,0,0,1,0,2,2,0,0,3,0,0,1,0,1,0,1,1
306,307,1,93,84,70.84862385321101,60,190,11,2016,1300,60,11,0,0,0,0,0,0,0,0,0,0,0,0,0,0,0,2,0,0,0,0,1,0,0,0,1,0,0,1,0,2,2,0,0,3,0,0,1,0,1,0,1,3
307,308,1,96,84,70.84862385321101,68,232,28,2016,1531,247,10,0,0,0,0,0,0,2,0,0,0,0,0,0,0,0,2,0,0,2,0,1,0,0,0,0,0,0,0,0,3,3,0,0,3,0,0,0,0,1,0,3,1
308,309,0,80,73,70.84862385321101,25,203,29,2016,890,64,12,0,0,0,1,0,0,2,0,0,0,0,0,0,0,0,2,0,0,2,0,1,0,0,0,0,0,0,0,0,2,2,0,0,3,0,0,1,0,1,0,3,2
309,310,0,85,73,70.84862385321101,43,203,14,2016,890,64,12,0,0,0,1,0,0,2,0,0,0,0,0,0,0,0,2,0,0,2,0,1,0,0,0,0,0,0,0,0,2,2,0,0,3,0,0,1,0,1,0,3,2
310,311,1,92,82,70.84862385321101,85,176,29,2016,1387,207,2,0,0,0,0,0,0,0,0,0,0,0,0,0,0,0,2,0,0,0,0,1,0,0,0,0,0,0,0,0,2,2,0,0,3,0,0,1,0,1,0,1,1
